screen,label,figmaSize,fontSize,difference,selector,figmaPath,note
"광장 준비","플레이어 이름","24","24","0",".player-profile-name strong","Document/Page 1/Screen_Codex/Layout_Group/Layout_Head/Text_PlayerName",""
"광장 준비","플레이어 레벨","24","13","-11",".player-profile-name > span","Document/Page 1/Screen_Codex/Layout_Group/Layout_Head/Text_PlayerName",""
"광장 준비","경험치 제목","24","11","-13",".player-experience > div:first-child > span","Document/Page 1/Screen_Codex/Layout_Group/Layout_Head/Text_EXP_Title",""
"광장 준비","경험치 수치","20","11","-9",".player-experience strong","Document/Page 1/Screen_Codex/Layout_Group/Layout_Head/Text_EXP_Value",""
"광장 준비","화면 제목","24","26","2",".scene-heading h1, .character-codex-heading h1","Document/Page 1/Screen_Codex/Layout_Group/Layout_Title/Text_PageTitle",""
"광장 준비","주차","24","13","-11",".plaza-current-info > span","Document/Page 1/Screen_Main_Preparation/Layout_Group/Layout_Title/Text_WeekAndGold",""
"광장 준비","보유 골드","24","16","-8",".plaza-current-info > strong","Document/Page 1/Screen_Main_Preparation/Layout_Group/Layout_Title/Text_WeekAndGold",""
"광장 준비","원정대 제목","24","21","-3",".party-panel .panel-heading h2","Document/Page 1/Screen_Main_Meet/Layout_Group/Layout_Bottom/Panel_Expedition/원정대 1/4",""
"광장 준비","원정대 인원","18","13","-5",".party-panel .panel-heading h2 small","Document/Page 1/Screen_Main_Meet/Layout_Group/Layout_Bottom/Panel_Expedition/원정대 1/4",""
"광장 준비","빈 자리","20","8","-12",".plaza-empty-label","Document/Page 1/Screen_Main_Meet/Layout_Group/Layout_Bottom/Panel_Expedition/Frame 2/빈 자리",""
"광장 준비","행동 패널 제목","24","21","-3",".action-panel .panel-heading h2","Document/Page 1/Screen_Main_Meet/Layout_Group/Layout_Bottom/Panel_Choices/Meet a Character/계약",""
"광장 준비","광장 행동 버튼","20","13","-7",".plaza-action-label","Document/Page 1/Screen_Main_Meet/Layout_Group/Layout_Bottom/Panel_Choices/Meet a Character/Button_Mercenary/<icon> 용병 제안",""
"광장 준비","광장 상황 설명","18","11","-7",".plaza-state-description","Document/Page 1/Screen_Dungeon_Exploration/Layout_Group/Layout_Bottom/Panel_Choices/현재 상황 묘사",""
"광장 준비","광장 중앙 안내","24","10","-14",".plaza-job-summary:not(.plaza-monologue-text)","Document/Page 1/Screen_Main_Preparation/Layout_Group/Layout_Main/Frame 5/광장에는 <Icon>기사 n명, <Icon>전사 n명, <Icon>마도사 n명, <Icon>사수 n 명, <Icon>도적 n명, <Icon>정령사 n명이 남아있다. 탐색을 통해 이들과 만나보자.",""
"광장 준비","하단 안내","10","11","1",".bottom-note > span","Document/Page 1/Screen_Codex/Layout_Group/Layout_Tail/Text_GameName",""
"광장 조우","플레이어 이름","24","24","0",".player-profile-name strong","Document/Page 1/Screen_Codex/Layout_Group/Layout_Head/Text_PlayerName",""
"광장 조우","플레이어 레벨","24","13","-11",".player-profile-name > span","Document/Page 1/Screen_Codex/Layout_Group/Layout_Head/Text_PlayerName",""
"광장 조우","경험치 제목","24","11","-13",".player-experience > div:first-child > span","Document/Page 1/Screen_Codex/Layout_Group/Layout_Head/Text_EXP_Title",""
"광장 조우","경험치 수치","20","11","-9",".player-experience strong","Document/Page 1/Screen_Codex/Layout_Group/Layout_Head/Text_EXP_Value",""
"광장 조우","화면 제목","24","26","2",".scene-heading h1, .character-codex-heading h1","Document/Page 1/Screen_Codex/Layout_Group/Layout_Title/Text_PageTitle",""
"광장 조우","주차","24","13","-11",".plaza-current-info > span","Document/Page 1/Screen_Main_Preparation/Layout_Group/Layout_Title/Text_WeekAndGold",""
"광장 조우","보유 골드","24","16","-8",".plaza-current-info > strong","Document/Page 1/Screen_Main_Preparation/Layout_Group/Layout_Title/Text_WeekAndGold",""
"광장 조우","캐릭터 직업·속성","20","13","-7",".plaza-encounter-meta > span","Document/Page 1/Screen_Codex/Layout_Group/Layout_Main/Panel_Left/<Icon>직업 <Icon>속성 Lv.1",""
"광장 조우","캐릭터 레벨","20","13","-7",".plaza-encounter-level","Document/Page 1/Screen_Codex/Layout_Group/Layout_Main/Panel_Left/<Icon>직업 <Icon>속성 Lv.1",""
"광장 조우","캐릭터 이름","32","28","-4",".plaza-encounter-name > span:first-child","Document/Page 1/Screen_Codex/Layout_Group/Layout_Main/Panel_Left/캐릭터 이름",""
"광장 조우","능력치 항목","20","14","-6",".plaza-encounter-stats small","Document/Page 1/Screen_Codex/Layout_Group/Layout_Main/Panel_Left/state_1/공격",""
"광장 조우","능력치 수치","20","14","-6",".plaza-encounter-stats strong","Document/Page 1/Screen_Codex/Layout_Group/Layout_Main/Panel_Left/state_1/00",""
"광장 조우","영입가 항목","24","14","-10",".plaza-encounter-price:not(.plaza-encounter-wage)","Document/Page 1/Screen_Codex/Layout_Group/Layout_Main/Panel_Left/Group 1/영입가",""
"광장 조우","영입가 수치","24","16","-8",".plaza-encounter-price:not(.plaza-encounter-wage) strong","Document/Page 1/Screen_Codex/Layout_Group/Layout_Main/Panel_Left/Group 1/<Icon> 30 골드",""
"광장 조우","주급 항목","24","14","-10",".plaza-encounter-wage","Document/Page 1/Screen_Codex/Layout_Group/Layout_Main/Panel_Left/Group 2/주급",""
"광장 조우","주급 표시","24","16","-8",".plaza-encounter-wage strong","Document/Page 1/Screen_Codex/Layout_Group/Layout_Main/Panel_Left/Group 2/주급","주급 항목과 같은 24px 행 기준"
"광장 조우","보유 스킬 제목","24","9","-15",".plaza-encounter-skills-title","Document/Page 1/Screen_Codex/Layout_Group/Layout_Main/Panel_Right/Text_Skill_Title",""
"광장 조우","친밀도 제목","24","9","-15",".plaza-encounter-affinity > .section-kicker","Document/Page 1/Screen_Codex/Layout_Group/Layout_Main/Panel_Right/Text_Affinity_Title",""
"광장 조우","친밀도 관계","24","12","-12",".plaza-affinity-copy strong","Document/Page 1/Screen_Codex/Layout_Group/Layout_Main/Panel_Right/Text_Affinity",""
"광장 조우","친밀도 수치","20","8","-12",".plaza-affinity-copy small","Document/Page 1/Screen_Codex/Layout_Group/Layout_Main/Panel_Right/Text_Affinity_Value",""
"광장 조우","원정대 제목","24","21","-3",".party-panel .panel-heading h2","Document/Page 1/Screen_Main_Meet/Layout_Group/Layout_Bottom/Panel_Expedition/원정대 1/4",""
"광장 조우","원정대 인원","18","13","-5",".party-panel .panel-heading h2 small","Document/Page 1/Screen_Main_Meet/Layout_Group/Layout_Bottom/Panel_Expedition/원정대 1/4",""
"광장 조우","빈 자리","20","8","-12",".plaza-empty-label","Document/Page 1/Screen_Main_Meet/Layout_Group/Layout_Bottom/Panel_Expedition/Frame 2/빈 자리",""
"광장 조우","행동 패널 제목","24","21","-3",".action-panel .panel-heading h2","Document/Page 1/Screen_Main_Meet/Layout_Group/Layout_Bottom/Panel_Choices/Meet a Character/계약",""
"광장 조우","광장 행동 버튼","20","13","-7",".plaza-action-label","Document/Page 1/Screen_Main_Meet/Layout_Group/Layout_Bottom/Panel_Choices/Meet a Character/Button_Mercenary/<icon> 용병 제안",""
"광장 조우","광장 상황 설명","18","11","-7",".plaza-state-description","Document/Page 1/Screen_Dungeon_Exploration/Layout_Group/Layout_Bottom/Panel_Choices/현재 상황 묘사",""
"광장 조우","하단 안내","10","11","1",".bottom-note > span","Document/Page 1/Screen_Codex/Layout_Group/Layout_Tail/Text_GameName",""
"캐릭터 도감","플레이어 이름","24","24","0",".player-profile-name strong","Document/Page 1/Screen_Codex/Layout_Group/Layout_Head/Text_PlayerName",""
"캐릭터 도감","플레이어 레벨","24","13","-11",".player-profile-name > span","Document/Page 1/Screen_Codex/Layout_Group/Layout_Head/Text_PlayerName",""
"캐릭터 도감","경험치 제목","24","11","-13",".player-experience > div:first-child > span","Document/Page 1/Screen_Codex/Layout_Group/Layout_Head/Text_EXP_Title",""
"캐릭터 도감","경험치 수치","20","11","-9",".player-experience strong","Document/Page 1/Screen_Codex/Layout_Group/Layout_Head/Text_EXP_Value",""
"캐릭터 도감","화면 제목","24","26","2",".scene-heading h1, .character-codex-heading h1","Document/Page 1/Screen_Codex/Layout_Group/Layout_Title/Text_PageTitle",""
"캐릭터 도감","캐릭터 직업·속성","20","13","-7",".plaza-encounter-meta > span","Document/Page 1/Screen_Codex/Layout_Group/Layout_Main/Panel_Left/<Icon>직업 <Icon>속성 Lv.1",""
"캐릭터 도감","캐릭터 레벨","20","13","-7",".plaza-encounter-level","Document/Page 1/Screen_Codex/Layout_Group/Layout_Main/Panel_Left/<Icon>직업 <Icon>속성 Lv.1",""
"캐릭터 도감","캐릭터 이름","32","24","-8",".plaza-encounter-name > span:first-child","Document/Page 1/Screen_Codex/Layout_Group/Layout_Main/Panel_Left/캐릭터 이름",""
"캐릭터 도감","능력치 항목","20","14","-6",".plaza-encounter-stats small","Document/Page 1/Screen_Codex/Layout_Group/Layout_Main/Panel_Left/state_1/공격",""
"캐릭터 도감","능력치 수치","20","14","-6",".plaza-encounter-stats strong","Document/Page 1/Screen_Codex/Layout_Group/Layout_Main/Panel_Left/state_1/00",""
"캐릭터 도감","영입가 항목","24","14","-10",".plaza-encounter-price:not(.plaza-encounter-wage)","Document/Page 1/Screen_Codex/Layout_Group/Layout_Main/Panel_Left/Group 1/영입가",""
"캐릭터 도감","영입가 수치","24","16","-8",".plaza-encounter-price:not(.plaza-encounter-wage) strong","Document/Page 1/Screen_Codex/Layout_Group/Layout_Main/Panel_Left/Group 1/<Icon> 30 골드",""
"캐릭터 도감","주급 항목","24","14","-10",".plaza-encounter-wage","Document/Page 1/Screen_Codex/Layout_Group/Layout_Main/Panel_Left/Group 2/주급",""
"캐릭터 도감","주급 표시","24","16","-8",".plaza-encounter-wage strong","Document/Page 1/Screen_Codex/Layout_Group/Layout_Main/Panel_Left/Group 2/주급","주급 항목과 같은 24px 행 기준"
"캐릭터 도감","보유 스킬 제목","24","13","-11",".plaza-encounter-skills-title","Document/Page 1/Screen_Codex/Layout_Group/Layout_Main/Panel_Right/Text_Skill_Title",""
"캐릭터 도감","친밀도 제목","24","13","-11",".plaza-encounter-affinity > .section-kicker","Document/Page 1/Screen_Codex/Layout_Group/Layout_Main/Panel_Right/Text_Affinity_Title",""
"캐릭터 도감","친밀도 관계","24","16","-8",".plaza-affinity-copy strong","Document/Page 1/Screen_Codex/Layout_Group/Layout_Main/Panel_Right/Text_Affinity",""
"캐릭터 도감","친밀도 수치","20","11","-9",".plaza-affinity-copy small","Document/Page 1/Screen_Codex/Layout_Group/Layout_Main/Panel_Right/Text_Affinity_Value",""
"캐릭터 도감","도감 탭","24","13","-11",".codex-tab","Document/Page 1/Screen_Codex/Layout_Group/Layout_Title/TabGroup/Tab_1/캐릭터 도감",""
"캐릭터 도감","도감 검색 제목","16","12","-4",".catalog-search > span","Document/Page 1/Screen_Codex/Layout_Group/Layout_Bottom/Filter/Seach/Seach_Title",""
"캐릭터 도감","도감 필터 제목","16","12","-4",".catalog-tools > label:not(.catalog-search)","Document/Page 1/Screen_Codex/Layout_Group/Layout_Bottom/Filter/Filter_1/Filter_Title",""
"캐릭터 도감","도감 목록 제목","20","18","-2",".codex-roster-heading h2","Document/Page 1/Screen_Codex/Layout_Group/Layout_Bottom/List/List_Header/List_Title",""
"캐릭터 도감","도감 목록 인원","16","12","-4",".codex-roster-heading > span","Document/Page 1/Screen_Codex/Layout_Group/Layout_Bottom/List/List_Header/List_Value",""
"캐릭터 도감","도감 목록 이름","16","13","-3",".codex-character-name","Document/Page 1/Screen_Codex/Layout_Group/Layout_Bottom/List/ List_View/List_Box/Text_Name",""
"캐릭터 도감","하단 안내","10","11","1",".bottom-note > span","Document/Page 1/Screen_Codex/Layout_Group/Layout_Tail/Text_GameName",""
"대화 monologue","플레이어 이름","24","24","0",".player-profile-name strong","Document/Page 1/Screen_Codex/Layout_Group/Layout_Head/Text_PlayerName",""
"대화 monologue","플레이어 레벨","24","13","-11",".player-profile-name > span","Document/Page 1/Screen_Codex/Layout_Group/Layout_Head/Text_PlayerName",""
"대화 monologue","경험치 제목","24","11","-13",".player-experience > div:first-child > span","Document/Page 1/Screen_Codex/Layout_Group/Layout_Head/Text_EXP_Title",""
"대화 monologue","경험치 수치","20","11","-9",".player-experience strong","Document/Page 1/Screen_Codex/Layout_Group/Layout_Head/Text_EXP_Value",""
"대화 monologue","화면 제목","24","26","2",".scene-heading h1, .character-codex-heading h1","Document/Page 1/Screen_Codex/Layout_Group/Layout_Title/Text_PageTitle",""
"대화 monologue","대화 상황","24","13","-11",".plaza-dialogue-context-label","Document/Page 1/Screen_Codex/Layout_Group/Layout_Title/Text_PageTitle",""
"대화 monologue","주차","24","13","-11",".plaza-current-info > span","Document/Page 1/Screen_Main_Preparation/Layout_Group/Layout_Title/Text_WeekAndGold",""
"대화 monologue","보유 골드","24","16","-8",".plaza-current-info > strong","Document/Page 1/Screen_Main_Preparation/Layout_Group/Layout_Title/Text_WeekAndGold",""
"대화 monologue","독백","24","15","-9",".plaza-monologue-text","Document/Page 1/Screen_Main_Preparation/Layout_Group/Layout_Main/Frame 5/광장에는 <Icon>기사 n명, <Icon>전사 n명, <Icon>마도사 n명, <Icon>사수 n 명, <Icon>도적 n명, <Icon>정령사 n명이 남아있다. 탐색을 통해 이들과 만나보자.","중앙 안내 텍스트에 대응한 비교"
"대화 monologue","하단 안내","10","11","1",".bottom-note > span","Document/Page 1/Screen_Codex/Layout_Group/Layout_Tail/Text_GameName",""
"대화 oneOnOne","플레이어 이름","24","24","0",".player-profile-name strong","Document/Page 1/Screen_Codex/Layout_Group/Layout_Head/Text_PlayerName",""
"대화 oneOnOne","플레이어 레벨","24","13","-11",".player-profile-name > span","Document/Page 1/Screen_Codex/Layout_Group/Layout_Head/Text_PlayerName",""
"대화 oneOnOne","경험치 제목","24","11","-13",".player-experience > div:first-child > span","Document/Page 1/Screen_Codex/Layout_Group/Layout_Head/Text_EXP_Title",""
"대화 oneOnOne","경험치 수치","20","11","-9",".player-experience strong","Document/Page 1/Screen_Codex/Layout_Group/Layout_Head/Text_EXP_Value",""
"대화 oneOnOne","화면 제목","24","26","2",".scene-heading h1, .character-codex-heading h1","Document/Page 1/Screen_Codex/Layout_Group/Layout_Title/Text_PageTitle",""
"대화 oneOnOne","대화 상황","24","13","-11",".plaza-dialogue-context-label","Document/Page 1/Screen_Codex/Layout_Group/Layout_Title/Text_PageTitle",""
"대화 oneOnOne","주차","24","13","-11",".plaza-current-info > span","Document/Page 1/Screen_Main_Preparation/Layout_Group/Layout_Title/Text_WeekAndGold",""
"대화 oneOnOne","보유 골드","24","16","-8",".plaza-current-info > strong","Document/Page 1/Screen_Main_Preparation/Layout_Group/Layout_Title/Text_WeekAndGold",""
"대화 oneOnOne","대화 선택지","20","15","-5",".plaza-dialogue-choice","Document/Page 1/Screen_Main_Conversation/Layout_Group/Layout_Bottom/Panel_DialogueChoices/DialogueChoices/8-Button/Button/대사",""
"대화 oneOnOne","하단 안내","10","11","1",".bottom-note > span","Document/Page 1/Screen_Codex/Layout_Group/Layout_Tail/Text_GameName",""
"대화 twoPerson","플레이어 이름","24","24","0",".player-profile-name strong","Document/Page 1/Screen_Codex/Layout_Group/Layout_Head/Text_PlayerName",""
"대화 twoPerson","플레이어 레벨","24","13","-11",".player-profile-name > span","Document/Page 1/Screen_Codex/Layout_Group/Layout_Head/Text_PlayerName",""
"대화 twoPerson","경험치 제목","24","11","-13",".player-experience > div:first-child > span","Document/Page 1/Screen_Codex/Layout_Group/Layout_Head/Text_EXP_Title",""
"대화 twoPerson","경험치 수치","20","11","-9",".player-experience strong","Document/Page 1/Screen_Codex/Layout_Group/Layout_Head/Text_EXP_Value",""
"대화 twoPerson","화면 제목","24","26","2",".scene-heading h1, .character-codex-heading h1","Document/Page 1/Screen_Codex/Layout_Group/Layout_Title/Text_PageTitle",""
"대화 twoPerson","대화 상황","24","13","-11",".plaza-dialogue-context-label","Document/Page 1/Screen_Codex/Layout_Group/Layout_Title/Text_PageTitle",""
"대화 twoPerson","주차","24","13","-11",".plaza-current-info > span","Document/Page 1/Screen_Main_Preparation/Layout_Group/Layout_Title/Text_WeekAndGold",""
"대화 twoPerson","보유 골드","24","16","-8",".plaza-current-info > strong","Document/Page 1/Screen_Main_Preparation/Layout_Group/Layout_Title/Text_WeekAndGold",""
"대화 twoPerson","대화 선택지","20","15","-5",".plaza-dialogue-choice","Document/Page 1/Screen_Main_Conversation/Layout_Group/Layout_Bottom/Panel_DialogueChoices/DialogueChoices/8-Button/Button/대사",""
"대화 twoPerson","하단 안내","10","11","1",".bottom-note > span","Document/Page 1/Screen_Codex/Layout_Group/Layout_Tail/Text_GameName",""
"던전 탐색","플레이어 이름","24","24","0",".player-profile-name strong","Document/Page 1/Screen_Codex/Layout_Group/Layout_Head/Text_PlayerName",""
"던전 탐색","플레이어 레벨","24","13","-11",".player-profile-name > span","Document/Page 1/Screen_Codex/Layout_Group/Layout_Head/Text_PlayerName",""
"던전 탐색","경험치 제목","24","11","-13",".player-experience > div:first-child > span","Document/Page 1/Screen_Codex/Layout_Group/Layout_Head/Text_EXP_Title",""
"던전 탐색","경험치 수치","20","11","-9",".player-experience strong","Document/Page 1/Screen_Codex/Layout_Group/Layout_Head/Text_EXP_Value",""
"던전 탐색","지역 이름","24","13","-11",".journey-label strong","Document/Page 1/Screen_Codex/Layout_Group/Layout_Title/Text_PageTitle",""
"던전 탐색","원정대 제목","24","21","-3",".party-panel .panel-heading h2","Document/Page 1/Screen_Main_Meet/Layout_Group/Layout_Bottom/Panel_Expedition/원정대 1/4",""
"던전 탐색","원정대 인원","18","13","-5",".party-panel .panel-heading h2 small","Document/Page 1/Screen_Main_Meet/Layout_Group/Layout_Bottom/Panel_Expedition/원정대 1/4",""
"던전 탐색","파티 캐릭터 이름","16","16","0",".hero-name","Document/Page 1/Screen_Main_Meet/Layout_Group/Layout_Bottom/Panel_Expedition/Frame 1/Text_Name",""
"던전 탐색","파티 HP","16","13","-3",".hero-status","Document/Page 1/Screen_Main_Meet/Layout_Group/Layout_Bottom/Panel_Expedition/Frame 1/Text_HP_Value",""
"던전 탐색","파티 최대 HP","16","11","-5",".hero-status small","Document/Page 1/Screen_Main_Meet/Layout_Group/Layout_Bottom/Panel_Expedition/Frame 1/Text_HP_Value",""
"던전 탐색","행동 패널 제목","24","21","-3",".action-panel .panel-heading h2","Document/Page 1/Screen_Main_Meet/Layout_Group/Layout_Bottom/Panel_Choices/Meet a Character/계약",""
"던전 탐색","다음 지역 버튼","20","14","-6",".continue-button","Document/Page 1/Screen_Dungeon_Exploration/Layout_Group/Layout_Bottom/Panel_Choices/Expedition Preparation/Button_Start/<icon> 다음 지역으로 이동",""
"던전 탐색","지역 환경 설명","24","11","-13",".scene-caption > span:last-child","Document/Page 1/Screen_Dungeon_Exploration/Layout_Group/Layout_Main/Frame 5/지역 환경 묘사",""
"던전 탐색","하단 안내","10","11","1",".bottom-note > span","Document/Page 1/Screen_Codex/Layout_Group/Layout_Tail/Text_GameName",""
"던전 전투","플레이어 이름","24","24","0",".player-profile-name strong","Document/Page 1/Screen_Codex/Layout_Group/Layout_Head/Text_PlayerName",""
"던전 전투","플레이어 레벨","24","13","-11",".player-profile-name > span","Document/Page 1/Screen_Codex/Layout_Group/Layout_Head/Text_PlayerName",""
"던전 전투","경험치 제목","24","11","-13",".player-experience > div:first-child > span","Document/Page 1/Screen_Codex/Layout_Group/Layout_Head/Text_EXP_Title",""
"던전 전투","경험치 수치","20","11","-9",".player-experience strong","Document/Page 1/Screen_Codex/Layout_Group/Layout_Head/Text_EXP_Value",""
"던전 전투","지역 이름","24","13","-11",".journey-label strong","Document/Page 1/Screen_Codex/Layout_Group/Layout_Title/Text_PageTitle",""
"던전 전투","원정대 제목","24","21","-3",".party-panel .panel-heading h2","Document/Page 1/Screen_Main_Meet/Layout_Group/Layout_Bottom/Panel_Expedition/원정대 1/4",""
"던전 전투","원정대 인원","18","13","-5",".party-panel .panel-heading h2 small","Document/Page 1/Screen_Main_Meet/Layout_Group/Layout_Bottom/Panel_Expedition/원정대 1/4",""
"던전 전투","파티 캐릭터 이름","16","16","0",".hero-name","Document/Page 1/Screen_Main_Meet/Layout_Group/Layout_Bottom/Panel_Expedition/Frame 1/Text_Name",""
"던전 전투","파티 HP","16","13","-3",".hero-status","Document/Page 1/Screen_Main_Meet/Layout_Group/Layout_Bottom/Panel_Expedition/Frame 1/Text_HP_Value",""
"던전 전투","파티 최대 HP","16","11","-5",".hero-status small","Document/Page 1/Screen_Main_Meet/Layout_Group/Layout_Bottom/Panel_Expedition/Frame 1/Text_HP_Value",""
"던전 전투","행동 패널 제목","24","21","-3",".action-panel .panel-heading h2","Document/Page 1/Screen_Main_Meet/Layout_Group/Layout_Bottom/Panel_Choices/Meet a Character/계약",""
"던전 전투","전투 스킬 이름","20","15","-5",".combat-skill-name","Document/Page 1/Screen_Dungeon_Battle/Layout_Group/Layout_Bottom/Panel_Choices/Skill/Button_Pass/스킬 이름",""
"던전 전투","하단 안내","10","11","1",".bottom-note > span","Document/Page 1/Screen_Codex/Layout_Group/Layout_Tail/Text_GameName",""